[
  {
    "id": 1,
    "type": "choice",
    "question": "Qual seu maior objetivo hoje?",
    "options": ["Emagrecer", "Ganhar massa", "Ter mais disposição"]
  },
  {
    "id": 2,
    "type": "choice",
    "question": "Qual sua faixa etária?",
    "options": ["Menos de 40", "40 a 49", "50+"]
  },
  {
    "id": 3,
    "type": "choice",
    "question": "Qual seu nível de atividade física?",
    "options": ["Sedentária", "Moderada", "Intensa"]
  },
  {
    "id": 4,
    "type": "choice",
    "question": "Como avalia sua alimentação?",
    "options": ["Ruim", "Razoável", "Boa"]
  },
  {
    "id": 5,
    "type": "choice",
    "question": "Com que frequência consome doces?",
    "options": ["Quase nunca", "Às vezes", "Diariamente"]
  },
  {
    "id": 6,
    "type": "choice",
    "question": "Qual seu principal desafio?",
    "options": ["Falta de tempo", "Falta de motivação", "Não saber por onde começar"]
  },
  {
    "id": 7,
    "type": "video",
    "description": "Assista ao vídeo rápido antes de continuar",
    "video_url": "https://www.youtube.com/embed/2g811Eo7K8U"
  },
  {
    "id": 99,
    "type": "redirect"
  }
]